mysql> SELECT * FROM Friends;
+------+------+---------------------+
| name | age  | DOB                 |
+------+------+---------------------+
| Bob  |   23 | 1990-02-06 23:04:56 |
| Bob  |   23 | 1990-02-06 23:04:56 |
| Jim  |   24 | 1955-05-09 13:12:45 |
| Fred |   25 | 1911-09-12 01:01:01 |
+------+------+---------------------+
4 rows in set (0.00 sec)

mysql> SELECT * FROM Friends;
+------+------+---------------------+
| name | age  | DOB                 |
+------+------+---------------------+
| Bob  |   23 | 1990-02-06 23:04:56 |
| Bob  |   23 | 1990-02-06 23:04:56 |
| Jim  |   24 | 1955-05-09 13:12:45 |
| Fred |   25 | 1911-09-12 01:01:01 |
+------+------+---------------------+
4 rows in set (0.00 sec)

mysql> SELECT * FROM Friends;
+------+------+---------------------+
| name | age  | DOB                 |
+------+------+---------------------+
| Jim  |   24 | 1955-05-09 13:12:45 |
| Fred |   25 | 1911-09-12 01:01:01 |
+------+------+---------------------+
2 rows in set (0.00 sec)

mysql> SELECT * FROM Friends;
+------+------+---------------------+
| name | age  | DOB                 |
+------+------+---------------------+
| Jim  |   24 | 1955-05-09 13:12:45 |
| Fred |   25 | 1911-09-12 01:01:01 |
| Bob  |   21 | 1990-02-06 23:04:56 |
+------+------+---------------------+
3 rows in set (0.00 sec)

mysql> SELECT * FROM Friends;
+------+------+---------------------+
| name | age  | DOB                 |
+------+------+---------------------+
| Jim  |   24 | 1955-05-09 13:12:45 |
| Fred |   25 | 1911-09-12 01:01:01 |
+------+------+---------------------+
2 rows in set (0.00 sec)

mysql> SELECT * FROM Friends;
+------+------+---------------------+
| name | age  | DOB                 |
+------+------+---------------------+
| Fred |   25 | 1911-09-12 01:01:01 |
+------+------+---------------------+
1 row in set (0.00 sec)

